isin,name_key,instrument_name,n_sources
INE002A01018,reliance industries,Reliance Industries Limited,5
INE003A01024,siemens,Siemens Limited,2
INE009A01021,infosys,Infosys Limited,5
INE00H001014,swiggy,Swiggy Limited,2
INE00IT01020,milky mist dairy food,Milky Mist Dairy Food Limited,1
INE00LO01017,craftsman automation,Craftsman Automation Limited,1
INE010B01027,zydus lifesciences,Zydus Lifesciences Limited,2
INE016A01026,dabur india,Dabur India Ltd.,1
INE018A01030,larsen and toubro,Larsen & Toubro Limited,5
INE019A01038,jsw steel,JSW Steel Limited,3
INE01EA01019,vishal mega mart,Vishal Mega Mart Limited,2
INE01NH01023,dhoot transmission,Dhoot Transmission Ltd,1
INE01TY01017,canara hsbc life insurance company,Canara HSBC Life Insurance company Ltd,1
INE020B01018,rec,REC Limited,1
INE021A01026,asian paints,Asian Paints Limited,4
INE027H01010,max healthcare institute,Max Healthcare Institute Limited,3
INE028A01039,bank of baroda,Bank of Baroda,2
INE029A01011,bharat petroleum corporation,Bharat Petroleum Corporation Limited,2
INE02RE01045,brainbees solutions,Brainbees Solutions Ltd.,1
INE030A01027,hindustan unilever,Hindustan Unilever Limited,4
INE038A01020,hindalco industries,Hindalco Industries Limited,3
INE040A01034,hdfc bank,HDFC Bank Limited,5
INE044A01036,sun pharmaceutical industries,Sun Pharmaceutical Industries Limited,4
INE047A01021,grasim industries,Grasim Industries Limited,3
INE04TZ01018,ethos,ETHOS LTD.,1
INE053A01029,indian hotels company,The Indian Hotels Company Limited,3
INE053F01010,indian railway finance corporation,Indian Railway Finance Corporation Limited,1
INE059A01026,cipla,Cipla Limited,3
INE061F01013,fortis healthcare,Fortis Healthcare Limited,1
INE062A01020,state bank of india,State Bank of India,5
INE066A01021,eicher motors,Eicher Motors Limited,4
INE066F01020,hindustan aeronautics,Hindustan Aeronautics Limited,2
INE067A01029,cg power and industrial solutions,CG Power and Industrial Solutions Limited,2
INE070A01015,shree cement,Shree Cement Limited,3
INE073K01018,sona blw precision forgings,Sona BLW Precision Forgings Limited,2
INE075A01022,wipro,Wipro Limited,2
INE079A01024,ambuja cements,Ambuja Cements Limited,2
INE081A01020,tata steel,Tata Steel Limited,3
INE089A01031,dr reddy s laboratories,Dr. Reddy's Laboratories Limited,2
INE090A01021,icici bank,ICICI Bank Limited,5
INE093A01041,hexaware technologies,Hexaware Technologies Ltd.,1
INE095A01012,indusind bank,Indusind Bank Ltd.,1
INE0BY001018,jubilant ingrevia,Jubilant Ingrevia Limited,1
INE0FS801015,motherson sumi wiring india,Motherson Sumi Wiring India Ltd.,1
INE0HOQ01053,billionbrains garage ventures,Billionbrains Garage Ventures Ltd,2
INE0J1Y01017,life insurance corporation of india,Life Insurance Corporation of India,3
INE0J5401028,honasa consumer,Honasa Consumer Limited,1
INE0V6F01027,hyundai motor india,Hyundai Motor India Ltd,3
INE0VDM01015,meesho,Meesho Ltd,1
INE101A01026,mahindra and mahindra,Mahindra & Mahindra Limited,4
INE102D01028,godrej consumer products,Godrej Consumer Products Limited,3
INE111A01025,container corporation of india,Container Corporation Of India Ltd.,1
INE117A01022,abb india,ABB India Limited,2
INE118A01012,bajaj holdings and investment,Bajaj Holdings & Investment Limited,1
INE118H01025,bse,BSE Ltd.,1
INE121A01024,cholamandalam investment and finance company,Cholamandalam Investment and Finance Company Ltd,4
INE121J01017,indus towers,Indus Towers Ltd.,1
INE123W01016,sbi life insurance company,SBI Life Insurance Company Limited,4
INE127D01025,hdfc asset management company,HDFC Asset Management Company Limited,2
INE129A01019,gail india,GAIL (India) Limited,1
INE134E01011,power finance corporation,Power Finance Corporation Limited,1
INE138Y01010,kfin technologies,KFin Technologies Limited,1
INE139A01034,national aluminium company,National Aluminium Company Ltd.,1
INE152A01029,thermax,Thermax Ltd.,1
INE154A01025,itc,ITC Limited,3
INE155A01022,tata motors passenger vehicles,Tata Motors Passenger Vehicles Limited,4
INE158A01026,hero motocorp,Hero Motocorp Ltd.,1
INE160A01022,punjab national bank,Punjab National Bank,1
INE176B01034,havells india,Havells India Ltd.,2
INE179A01014,procter and gamble hygiene and health care,Procter & Gamble Hygiene and Health Care Ltd.,1
INE192A01025,tata consumer products,Tata Consumer Products Limited,2
INE192R01011,avenue supermarts,Avenue Supermarts Limited,3
INE195A01028,supreme industries,Supreme Industries Ltd.,1
INE1CDF01017,vedanta aluminium metal,Vedanta Aluminium Metal Limited,3
INE1CLE01013,vedanta iron and steel,Vedanta Iron and Steel Ltd.,1
INE1NPP01017,siemens energy india,Siemens Energy India Limited,1
INE1TAE01010,tata motors,Tata Motors Ltd,4
INE200A01026,ge vernova t and d india,GE Vernova T&D India Limited,2
INE200M01039,varun beverages,Varun Beverages Limited,3
INE203A01020,astrazeneca pharma india,AstraZeneca Pharma India Limited,1
INE205A01025,vedanta,Vedanta Limited,2
INE213A01029,oil and natural gas corporation,Oil & Natural Gas Corporation Limited,2
INE214T01019,ltm,LTM Limited,1
INE216A01030,britannia industries,Britannia Industries Limited,3
INE237A01036,kotak mahindra bank,Kotak Mahindra Bank Limited,5
INE238A01034,axis bank,Axis Bank Limited,5
INE239A01024,nestle india,Nestle India Limited,1
INE242A01010,indian oil corporation,Indian Oil Corporation Limited,1
INE245A01021,tata power company,Tata Power Company Limited,2
INE249Z01020,mazagon dock shipbuilders,Mazagon Dock Shipbuilders Limited,1
INE263A01024,bharat electronics,Bharat Electronics Limited,4
INE267A01025,hindustan zinc,Hindustan Zinc Limited,1
INE271C01023,dlf,DLF Limited,3
INE274J01014,oil india,Oil India Ltd.,1
INE280A01028,titan company,Titan Company Limited,4
INE296A01032,bajaj finance,Bajaj Finance Limited,1
INE298A01020,cummins india,Cummins India Limited,4
INE2J8701016,skf india industrial,SKF India (Industrial) Ltd.,1
INE318A01026,pidilite industries,Pidilite Industries Limited,2
INE323A01026,bosch,Bosch Limited,1
INE326A01037,lupin,Lupin Ltd.,2
INE343H01029,solar industries india,Solar Industries India Limited,1
INE346A01027,icici prudential asset management company,ICICI PRUDENTIAL ASSET MANAGEMENT COMPANY LIMITED,2
INE361B01024,divi s laboratories,Divi's Laboratories Limited,3
INE364U01010,adani green energy,Adani Green Energy Limited,1
INE371P01015,amber enterprises india,Amber Enterprises India Limited,1
INE376G01013,biocon,Biocon Ltd.,1
INE379A01028,itc hotels,ITC Hotels Ltd,1
INE397D01024,bharti airtel,Bharti Airtel Limited,5
INE414G01012,muthoot finance,Muthoot Finance Limited,1
INE423A01024,adani enterprises,Adani Enterprises Limited,3
INE437A01024,apollo hospitals enterprise,Apollo Hospitals Enterprise Limited,2
INE467B01029,tata consultancy services,Tata Consultancy Services Limited,2
INE476A01022,canara bank,Canara Bank,1
INE481G01011,ultratech cement,UltraTech Cement Limited,4
INE484J01027,godrej properties,Godrej Properties Limited,1
INE494B01023,tvs motor company,TVS Motor Company Limited,3
INE511C01022,poonawalla fincorp,Poonawalla Fincorp Limited,1
INE513A01022,schaeffler india,Schaeffler India Ltd.,1
INE522F01014,coal india,Coal India Limited,1
INE585B01010,maruti suzuki india,Maruti Suzuki India Limited,3
INE591G01025,coforge,Coforge Limited,1
INE603J01030,pi industries,PI Industries Ltd.,1
INE634S01028,mankind pharma,MANKIND PHARMA LIMITED,2
INE640A01023,skf india,SKF India Ltd.,1
INE640G01020,sbi funds management,SBI Funds Management Limited,1
INE646L01027,interglobe aviation,InterGlobe Aviation Limited,4
INE647A01010,srf,SRF Ltd.,1
INE663F01032,info edge india,Info Edge (India) Ltd.,1
INE669C01036,tech mahindra,Tech Mahindra Limited,4
INE670K01029,lodha developers,Lodha Developers Limited,2
INE685A01028,torrent pharmaceuticals,Torrent Pharmaceuticals Limited,3
INE686F01025,united breweries,United Breweries Ltd.,1
INE692A01016,union bank of india,Union Bank of India,1
INE694L01019,vedanta power,Vedanta Power Ltd,2
INE704J01044,vedanta oil and gas,Vedanta Oil and Gas Ltd.,1
INE721A01047,shriram finance,Shriram Finance Limited,2
INE726G01019,icici prudential life insurance company,ICICI Prudential Life Insurance Company Ltd.,2
INE733E01010,ntpc,NTPC Limited,4
INE742F01042,adani ports and special economic zone,Adani Ports and Special Economic Zone Limited,5
INE749A01030,jindal steel,Jindal Steel Limited,2
INE752E01010,power grid corporation of india,Power Grid Corporation of India Limited,2
INE758E01017,jio financial services,Jio Financial Services Limited,1
INE758T01015,eternal,Eternal Limited,5
INE761H01022,page industries,Page Industries Ltd.,2
INE765G01017,icici lombard general insurance company,ICICI Lombard General Insurance Company Ltd.,2
INE775A01035,samvardhana motherson international,Samvardhana Motherson International Limited,2
INE776C01039,gmr airports,Gmr Airports Ltd.,1
INE795G01014,hdfc life insurance company,HDFC Life Insurance Company Limited,3
INE811K01011,prestige estates projects,Prestige Estates Projects Limited,1
INE813H01021,torrent power,Torrent Power Ltd.,1
INE814H01029,adani power,Adani Power Limited,1
INE848E01016,nhpc,NHPC Ltd.,1
INE849A01020,trent,Trent Limited,3
INE854D01024,united spirits,United Spirits Limited,3
INE860A01027,hcl technologies,HCL Technologies Limited,2
INE864I01014,mtar technologies,MTAR Technologies Limited,1
INE917I01010,bajaj auto,Bajaj Auto Limited,3
INE918I01026,bajaj finserv,Bajaj Finserv Limited,4
INE931S01010,adani energy solutions,Adani Energy Solutions Limited,2
INE935A01035,glenmark pharmaceuticals,Glenmark Pharmaceuticals Limited,1
INE943P01029,dr agarwals health care,Dr Agarwals Health Care Limited,1
INE974X01010,tube investments of india,Tube Investments of India Limited,1
INE976G01028,rbl bank,RBL Bank Limited,1
INE976I01016,tata capital,Tata Capital Limited,2
INE982J01020,one 97 communications,One 97 Communications Limited,1
