fund_id,role,amc,scheme_name,direct_code,direct_isin,regular_code,regular_isin,category,source_file
aditya_birla_sun_life_lc,active,Aditya Birla Sun Life Mutual Fund,Aditya Birla Sun Life Large Cap Fund,119528,INF209K01YY7,103174,INF209K01BR9,Open Ended Schemes | Equity Scheme - Large Cap Fund,NAVAll_2026-09-24.txt
axis_lc,active,Axis Mutual Fund,Axis Large Cap Fund,120465,INF846K01DP8,112277,INF846K01164,Open Ended Schemes | Equity Scheme - Large Cap Fund,NAVAll_2026-09-24.txt
bajaj_finserv_lc,active,Bajaj Finserv Mutual Fund,BAJAJ FINSERV LARGE CAP FUND,152783,INF0QA701896,152780,INF0QA701862,Open Ended Schemes | Equity Scheme - Large Cap Fund,NAVAll_2026-09-24.txt
bandhan_lc,active,Bandhan Mutual Fund,BANDHAN LARGE CAP FUND,118479,INF194K01Z44,108799,INF194K01516,Open Ended Schemes | Equity Scheme - Large Cap Fund,NAVAll_2026-09-24.txt
bank_of_india_lc,active,Bank of India Mutual Fund,BANK OF INDIA LARGE CAP FUND,148980,INF761K01FL3,148982,INF761K01FO7,Open Ended Schemes | Equity Scheme - Large Cap Fund,NAVAll_2026-09-24.txt
baroda_bnp_paribas_lc,active,Baroda BNP Paribas Mutual Fund,BARODA BNP PARIBAS LARGE CAP FUND,150187,INF251K01HN7,150185,INF251K01894,Open Ended Schemes | Equity Scheme - Large Cap Fund,NAVAll_2026-09-24.txt
canara_robeco_lc,active,Canara Robeco Mutual Fund,Canara Robeco Large Cap Fund,118269,INF760K01FR2,113221,INF760K01AR3,Open Ended Schemes | Equity Scheme - Large Cap Fund,NAVAll_2026-09-24.txt
dsp_lc,active,DSP Mutual Fund,DSP Large Cap Fund,119250,INF740K01PR3,101635,INF740K01243,Open Ended Schemes | Equity Scheme - Large Cap Fund,NAVAll_2026-09-24.txt
edelweiss_lc,active,Edelweiss Mutual Fund,Edelweiss Large Cap Fund,118617,INF754K01BW4,111940,INF754K01046,Open Ended Schemes | Equity Scheme - Large Cap Fund,NAVAll_2026-09-24.txt
franklin_templeton_lc,active,Franklin Templeton Mutual Fund,Franklin India Large Cap Fund,118531,INF090I01FN7,100471,INF090I01171,Open Ended Schemes | Equity Scheme - Large Cap Fund,NAVAll_2026-09-24.txt
groww_lc,active,Groww Mutual Fund,Groww Large Cap Fund,119133,INF666M01600,116547,INF666M01162,Open Ended Schemes | Equity Scheme - Large Cap Fund,NAVAll_2026-09-24.txt
hdfc_lc,active,HDFC Mutual Fund,HDFC Large Cap Fund,119018,INF179K01YV8,102000,INF179K01BE2,Open Ended Schemes | Equity Scheme - Large Cap Fund,NAVAll_2026-09-24.txt
hsbc_lc,active,HSBC Mutual Fund,HSBC Large Cap Fund,120030,INF336L01CM7,101594,INF336L01016,Open Ended Schemes | Equity Scheme - Large Cap Fund,NAVAll_2026-09-24.txt
icici_prudential_lc,active,ICICI Prudential Mutual Fund,ICICI Prudential Large Cap Fund (erstwhile Bluechip Fund),120586,INF109K016L0,108466,INF109K01BL4,Open Ended Schemes | Equity Scheme - Large Cap Fund,NAVAll_2026-09-24.txt
invesco_lc,active,Invesco Mutual Fund,Invesco India Large Cap Fund,120392,INF205K01LB0,112098,INF205K01304,Open Ended Schemes | Equity Scheme - Large Cap Fund,NAVAll_2026-09-24.txt
iti_lc,active,ITI Mutual Fund,ITI Large Cap Fund,148353,INF00XX01804,148351,INF00XX01770,Open Ended Schemes | Equity Scheme - Large Cap Fund,NAVAll_2026-09-24.txt
jio_blackrock_lc,active,Jio BlackRock Mutual Fund,JioBlackRock Large Cap Fund,154307,INF22M001176,154632,INF22M001192,Open Ended Schemes | Equity Scheme - Large Cap Fund,NAVAll_2026-09-24.txt
jm_financial_lc,active,JM Financial Mutual Fund,JM Large Cap Fund,120490,INF192K01BZ0,100219,INF192K01601,Open Ended Schemes | Equity Scheme - Large Cap Fund,NAVAll_2026-09-24.txt
kotak_mahindra_lc,active,Kotak Mahindra Mutual Fund,Kotak Large Cap Fund,120152,INF174K01KW6,114458,INF174K01153,Open Ended Schemes | Equity Scheme - Large Cap Fund,NAVAll_2026-09-24.txt
lic_lc,active,LIC Mutual Fund,LIC MF Large Cap Fund,120267,INF767K01EJ7,106871,INF767K01105,Open Ended Schemes | Equity Scheme - Large Cap Fund,NAVAll_2026-09-24.txt
mahindra_manulife_lc,active,Mahindra Manulife Mutual Fund,Mahindra Manulife Large Cap Fund,146549,INF174V01721,146551,INF174V01697,Open Ended Schemes | Equity Scheme - Large Cap Fund,NAVAll_2026-09-24.txt
mirae_asset_lc,active,Mirae Asset Mutual Fund,Mirae Asset Large Cap Fund,118825,INF769K01AX2,107578,INF769K01010,Open Ended Schemes | Equity Scheme - Large Cap Fund,NAVAll_2026-09-24.txt
motilal_oswal_lc,active,Motilal Oswal Mutual Fund,Motilal Oswal Large Cap Fund,152354,INF247L01CE3,152352,INF247L01CB9,Open Ended Schemes | Equity Scheme - Large Cap Fund,NAVAll_2026-09-24.txt
nippon_india_lc,active,Nippon India Mutual Fund,Nippon India Large Cap Fund,118632,INF204K01XI3,106235,INF204K01562,Open Ended Schemes | Equity Scheme - Large Cap Fund,NAVAll_2026-09-24.txt
pgim_india_lc,active,PGIM India Mutual Fund,PGIM India Large Cap Fund,138312,INF663L01GR4,138308,INF663L01GW4,Open Ended Schemes | Equity Scheme - Large Cap Fund,NAVAll_2026-09-24.txt
ppfas_lc,active,PPFAS Mutual Fund,Parag Parikh Large Cap Fund,154155,INF879O01332,154154,INF879O01365,Open Ended Schemes | Equity Scheme - Large Cap Fund,NAVAll_2026-09-24.txt
quant_lc,active,quant Mutual Fund,quant Large Cap Fund,150440,INF966L01AT0,150441,INF966L01AW4,Open Ended Schemes | Equity Scheme - Large Cap Fund,NAVAll_2026-09-24.txt
samco_lc,active,Samco Mutual Fund,Samco Large Cap Fund,153239,INF0K1H01255,153238,INF0K1H01263,Open Ended Schemes | Equity Scheme - Large Cap Fund,NAVAll_2026-09-24.txt
sbi_lc,active,SBI Mutual Fund,SBI Large Cap Fund,119598,INF200K01QX4,103504,INF200K01180,Open Ended Schemes | Equity Scheme - Large Cap Fund,NAVAll_2026-09-24.txt
sundaram_lc,active,Sundaram Mutual Fund,Sundaram Large Cap Fund ( Formerly Know as Sundaram Blue Chip Fund),148507,INF903JA1JC0,148504,INF903JA1IZ3,Open Ended Schemes | Equity Scheme - Large Cap Fund,NAVAll_2026-09-24.txt
tata_lc,active,Tata Mutual Fund,Tata Large Cap Fund,119160,INF277K01QZ7,100475,INF277K01931,Open Ended Schemes | Equity Scheme - Large Cap Fund,NAVAll_2026-09-24.txt
taurus_lc,active,Taurus Mutual Fund,Taurus Large Cap Fund,118870,INF044D01BX3,101209,INF044D01773,Open Ended Schemes | Equity Scheme - Large Cap Fund,NAVAll_2026-09-24.txt
union_lc,active,Union Mutual Fund,Union Largecap Fund,141248,INF582M01CU7,141247,INF582M01CQ5,Open Ended Schemes | Equity Scheme - Large Cap Fund,NAVAll_2026-09-24.txt
uti_lc,active,UTI Mutual Fund,UTI - Large Cap Fund,120656,INF789F01US8,100651,INF789F01976,Open Ended Schemes | Equity Scheme - Large Cap Fund,NAVAll_2026-09-24.txt
whiteoak_capital_lc,active,WhiteOak Capital Mutual Fund,WhiteOak Capital Large Cap Fund,150797,INF03VN01696,150799,INF03VN01662,Open Ended Schemes | Equity Scheme - Large Cap Fund,NAVAll_2026-09-24.txt
axis_n100,index,Axis Mutual Fund,Axis Nifty 100 Index Fund,147666,INF846K01S29,147665,INF846K01S52,Open Ended Schemes | Other Scheme - Index Funds,NAVAll_2026-09-24.txt
bandhan_n100,index,Bandhan Mutual Fund,BANDHAN NIFTY 100 INDEX FUND,149832,INF194KB1CR7,149833,INF194KB1CO4,Open Ended Schemes | Other Scheme - Index Funds,NAVAll_2026-09-24.txt
hdfc_n100,index,HDFC Mutual Fund,HDFC NIFTY 100 Index Fund,149868,INF179KC1BY3,149869,INF179KC1BZ0,Open Ended Schemes | Other Scheme - Index Funds,NAVAll_2026-09-24.txt
