mf_id,month,strcat,total,page_count,rows_page1,categories_page1,error
9,2024-09,1,0,0,0,,
9,2024-09,2,0,0,0,,
9,2024-09,3,0,0,0,,
9,2024-09,4,0,0,0,,
9,2024-09,5,0,0,0,,
9,2024-09,6,0,0,0,,
9,2024-09,7,0,0,0,,
9,2024-09,8,0,0,0,,
9,2024-09,9,0,0,0,,
9,2024-09,10,0,0,0,,
9,2024-09,11,0,0,0,,
9,2024-09,12,0,0,0,,
9,2024-09,13,0,0,0,,
9,2024-09,14,30,1,30,Equity Scheme - Multi Cap Fund,
9,2024-09,15,30,1,30,Equity Scheme - Large Cap Fund,
9,2024-09,16,0,0,0,,
9,2024-09,17,30,1,30,Equity Scheme - Mid Cap Fund,
9,2024-09,18,30,1,30,Equity Scheme - Small Cap Fund,
9,2024-09,19,30,1,30,Equity Scheme - Dividend Yield Fund,
9,2024-09,20,30,1,30,Equity Scheme - Value Fund,
9,2024-09,21,0,0,0,,
9,2024-09,22,30,1,30,Equity Scheme - Focused Fund,
9,2024-09,23,270,3,100,Equity Scheme - Sectoral/ Thematic,
9,2024-09,24,0,0,0,,
9,2024-09,25,30,1,30,Debt Scheme - Overnight Fund,
9,2024-09,26,30,1,30,Debt Scheme - Liquid Fund,
9,2024-09,27,30,1,30,Debt Scheme - Ultra Short Duration Fund,
9,2024-09,28,0,0,0,,
9,2024-09,29,30,1,30,Debt Scheme - Money Market Fund,
9,2024-09,30,0,0,0,,
9,2024-09,31,0,0,0,,
9,2024-09,32,0,0,0,,
9,2024-09,33,0,0,0,,
9,2024-09,34,0,0,0,,
9,2024-09,35,30,1,30,Debt Scheme - Corporate Bond Fund,
9,2024-09,36,0,0,0,,
9,2024-09,37,30,1,30,Debt Scheme - Banking and PSU Fund,
9,2024-09,38,30,1,30,Debt Scheme - Gilt Fund,
9,2024-09,39,0,0,0,,
9,2024-09,40,0,0,0,,
9,2024-09,41,0,0,0,,
9,2024-09,42,0,0,0,,
9,2024-09,43,0,0,0,,
9,2024-09,44,30,1,30,Hybrid Scheme - Dynamic Asset Allocation or Balanced Advantage,
9,2024-09,45,0,0,0,,
9,2024-09,46,30,1,30,Hybrid Scheme - Arbitrage Fund,
9,2024-09,47,30,1,30,Hybrid Scheme - Equity Savings,
9,2024-09,48,0,0,0,,
9,2024-09,49,30,1,30,Solution Oriented Scheme - Children’s Fund,
9,2024-09,50,630,7,100,Other Scheme - Index Funds,
9,2024-09,51,30,1,30,Other Scheme - Gold ETF,
9,2024-09,52,540,6,100,Other Scheme - Other  ETFs,
9,2024-09,53,30,1,30,Other Scheme - FoF Overseas,
9,2024-09,54,120,2,100,Other Scheme - FoF Domestic,
9,2024-09,55,30,1,30,Equity Scheme - Flexi Cap Fund,
9,2024-09,56,0,0,0,,
9,2024-09,57,0,0,0,,
9,2024-09,58,0,0,0,,
9,2024-09,59,30,1,30,Income/Debt Oriented Schemes - Ultra Short to Short Term Fund,
9,2024-09,60,0,0,0,,
9,2024-09,61,30,1,30,Income/Debt Oriented Schemes - Short Term Fund,
9,2024-09,62,30,1,30,Income/Debt Oriented Schemes - Medium Term Fund,
9,2024-09,63,30,1,30,Income/Debt Oriented Schemes - Medium to Long Term Fund,
9,2024-09,64,30,1,30,Income/Debt Oriented Schemes - Long Term Fund,
9,2024-09,65,30,1,30,Income/Debt Oriented Schemes - Dynamic Term Fund,
9,2024-09,66,0,0,0,,
9,2024-09,67,30,1,30,Income/Debt Oriented Schemes - Credit Risk Fund,
9,2024-09,68,0,0,0,,
9,2024-09,69,0,0,0,,
9,2024-09,70,0,0,0,,
9,2024-09,71,30,1,30,Income/Debt Oriented Schemes - Floating Interest Rates Fund,
9,2024-09,72,0,0,0,,
9,2024-09,73,0,0,0,,
9,2024-09,74,0,0,0,,
9,2024-09,75,30,1,30,Equity Schemes - Large & Mid Cap Fund,
9,2024-09,76,0,0,0,,
9,2024-09,77,0,0,0,,
9,2024-09,78,0,0,0,,
9,2024-09,79,0,0,0,,
9,2024-09,80,0,0,0,,
9,2024-09,81,0,0,0,,
9,2024-09,82,0,0,0,,
9,2024-09,83,0,0,0,,
9,2024-09,84,60,1,60,Equity Schemes - Thematic Fund,
9,2024-09,85,30,1,30,Equity Schemes - ELSS- Tax Saver Fund,
9,2024-09,86,30,1,30,Hybrid Schemes - Conservative Hybrid Fund,
9,2024-09,87,0,0,0,,
9,2024-09,88,30,1,30,Hybrid Schemes - Aggressive Hybrid Fund,
9,2024-09,89,0,0,0,,
9,2024-09,90,30,1,30,Hybrid Schemes - Multi Asset Allocation Fund,
9,2024-09,91,0,0,0,,
9,2024-09,92,0,0,0,,
9,2024-09,93,0,0,0,,
9,2024-09,94,0,0,0,,
9,2024-09,95,0,0,0,,
9,2024-09,96,0,0,0,,
9,2024-09,97,0,0,0,,
9,2024-09,98,0,0,0,,
9,2024-09,99,90,1,90,Solution Oriented Schemes ** - Retirement Fund,
9,2024-09,100,0,0,0,,
9,2026-08,1,0,0,0,,
9,2026-08,2,0,0,0,,
9,2026-08,3,0,0,0,,
9,2026-08,4,0,0,0,,
9,2026-08,5,0,0,0,,
9,2026-08,6,0,0,0,,
9,2026-08,7,0,0,0,,
9,2026-08,8,0,0,0,,
9,2026-08,9,0,0,0,,
9,2026-08,10,0,0,0,,
9,2026-08,11,0,0,0,,
9,2026-08,12,0,0,0,,
9,2026-08,13,0,0,0,,
9,2026-08,14,31,1,31,Equity Scheme - Multi Cap Fund,
9,2026-08,15,31,1,31,Equity Scheme - Large Cap Fund,
9,2026-08,16,0,0,0,,
9,2026-08,17,31,1,31,Equity Scheme - Mid Cap Fund,
9,2026-08,18,31,1,31,Equity Scheme - Small Cap Fund,
9,2026-08,19,31,1,31,Equity Scheme - Dividend Yield Fund,
9,2026-08,20,31,1,31,Equity Scheme - Value Fund,
9,2026-08,21,0,0,0,,
9,2026-08,22,31,1,31,Equity Scheme - Focused Fund,
9,2026-08,23,310,4,100,Equity Scheme - Sectoral/ Thematic,
9,2026-08,24,0,0,0,,
9,2026-08,25,31,1,31,Debt Scheme - Overnight Fund,
9,2026-08,26,31,1,31,Debt Scheme - Liquid Fund,
9,2026-08,27,31,1,31,Debt Scheme - Ultra Short Duration Fund,
9,2026-08,28,0,0,0,,
9,2026-08,29,31,1,31,Debt Scheme - Money Market Fund,
9,2026-08,30,0,0,0,,
9,2026-08,31,0,0,0,,
9,2026-08,32,0,0,0,,
9,2026-08,33,0,0,0,,
9,2026-08,34,0,0,0,,
9,2026-08,35,31,1,31,Debt Scheme - Corporate Bond Fund,
9,2026-08,36,0,0,0,,
9,2026-08,37,31,1,31,Debt Scheme - Banking and PSU Fund,
9,2026-08,38,31,1,31,Debt Scheme - Gilt Fund,
9,2026-08,39,0,0,0,,
9,2026-08,40,0,0,0,,
9,2026-08,41,0,0,0,,
9,2026-08,42,0,0,0,,
9,2026-08,43,0,0,0,,
9,2026-08,44,31,1,31,Hybrid Scheme - Dynamic Asset Allocation or Balanced Advantage,
9,2026-08,45,0,0,0,,
9,2026-08,46,31,1,31,Hybrid Scheme - Arbitrage Fund,
9,2026-08,47,31,1,31,Hybrid Scheme - Equity Savings,
9,2026-08,48,0,0,0,,
9,2026-08,49,31,1,31,Solution Oriented Scheme - Children’s Fund,
9,2026-08,50,899,9,100,Other Scheme - Index Funds,
9,2026-08,51,31,1,31,Other Scheme - Gold ETF,
9,2026-08,52,558,6,100,Other Scheme - Other  ETFs,
9,2026-08,53,31,1,31,Other Scheme - FoF Overseas,
9,2026-08,54,186,2,100,Other Scheme - FoF Domestic,
9,2026-08,55,31,1,31,Equity Scheme - Flexi Cap Fund,
9,2026-08,56,0,0,0,,
9,2026-08,57,0,0,0,,
9,2026-08,58,0,0,0,,
9,2026-08,59,31,1,31,Income/Debt Oriented Schemes - Ultra Short to Short Term Fund,
9,2026-08,60,0,0,0,,
9,2026-08,61,31,1,31,Income/Debt Oriented Schemes - Short Term Fund,
9,2026-08,62,31,1,31,Income/Debt Oriented Schemes - Medium Term Fund,
9,2026-08,63,31,1,31,Income/Debt Oriented Schemes - Medium to Long Term Fund,
9,2026-08,64,31,1,31,Income/Debt Oriented Schemes - Long Term Fund,
9,2026-08,65,31,1,31,Income/Debt Oriented Schemes - Dynamic Term Fund,
9,2026-08,66,0,0,0,,
9,2026-08,67,31,1,31,Income/Debt Oriented Schemes - Credit Risk Fund,
9,2026-08,68,0,0,0,,
9,2026-08,69,0,0,0,,
9,2026-08,70,0,0,0,,
9,2026-08,71,31,1,31,Income/Debt Oriented Schemes - Floating Interest Rates Fund,
9,2026-08,72,0,0,0,,
9,2026-08,73,0,0,0,,
9,2026-08,74,0,0,0,,
9,2026-08,75,31,1,31,Equity Schemes - Large & Mid Cap Fund,
9,2026-08,76,0,0,0,,
9,2026-08,77,0,0,0,,
9,2026-08,78,0,0,0,,
9,2026-08,79,0,0,0,,
9,2026-08,80,0,0,0,,
9,2026-08,81,0,0,0,,
9,2026-08,82,0,0,0,,
9,2026-08,83,0,0,0,,
9,2026-08,84,62,1,62,Equity Schemes - Thematic Fund,
9,2026-08,85,31,1,31,Equity Schemes - ELSS- Tax Saver Fund,
9,2026-08,86,31,1,31,Hybrid Schemes - Conservative Hybrid Fund,
9,2026-08,87,0,0,0,,
9,2026-08,88,31,1,31,Hybrid Schemes - Aggressive Hybrid Fund,
9,2026-08,89,0,0,0,,
9,2026-08,90,31,1,31,Hybrid Schemes - Multi Asset Allocation Fund,
9,2026-08,91,0,0,0,,
9,2026-08,92,0,0,0,,
9,2026-08,93,0,0,0,,
9,2026-08,94,0,0,0,,
9,2026-08,95,0,0,0,,
9,2026-08,96,0,0,0,,
9,2026-08,97,0,0,0,,
9,2026-08,98,0,0,0,,
9,2026-08,99,93,1,93,Solution Oriented Schemes ** - Retirement Fund,
9,2026-08,100,0,0,0,,
53,2026-08,1,0,0,0,,
53,2026-08,2,0,0,0,,
53,2026-08,3,0,0,0,,
53,2026-08,4,0,0,0,,
53,2026-08,5,0,0,0,,
53,2026-08,6,0,0,0,,
53,2026-08,7,0,0,0,,
53,2026-08,8,0,0,0,,
53,2026-08,9,0,0,0,,
53,2026-08,10,0,0,0,,
53,2026-08,11,0,0,0,,
53,2026-08,12,0,0,0,,
53,2026-08,13,0,0,0,,
53,2026-08,14,0,0,0,,
53,2026-08,15,0,0,0,,
53,2026-08,16,0,0,0,,
53,2026-08,17,31,1,31,Equity Scheme - Mid Cap Fund,
53,2026-08,18,0,0,0,,
53,2026-08,19,0,0,0,,
53,2026-08,20,0,0,0,,
53,2026-08,21,0,0,0,,
53,2026-08,22,0,0,0,,
53,2026-08,23,31,1,31,Equity Scheme - Sectoral/ Thematic,
53,2026-08,24,0,0,0,,
53,2026-08,25,0,0,0,,
53,2026-08,26,0,0,0,,
53,2026-08,27,0,0,0,,
53,2026-08,28,0,0,0,,
53,2026-08,29,0,0,0,,
53,2026-08,30,0,0,0,,
53,2026-08,31,0,0,0,,
53,2026-08,32,0,0,0,,
53,2026-08,33,0,0,0,,
53,2026-08,34,0,0,0,,
53,2026-08,35,0,0,0,,
53,2026-08,36,0,0,0,,
53,2026-08,37,0,0,0,,
53,2026-08,38,0,0,0,,
53,2026-08,39,0,0,0,,
53,2026-08,40,0,0,0,,
53,2026-08,41,0,0,0,,
53,2026-08,42,0,0,0,,
53,2026-08,43,0,0,0,,
53,2026-08,44,0,0,0,,
53,2026-08,45,0,0,0,,
53,2026-08,46,0,0,0,,
53,2026-08,47,0,0,0,,
53,2026-08,48,0,0,0,,
53,2026-08,49,0,0,0,,
53,2026-08,50,62,1,62,Other Scheme - Index Funds,
53,2026-08,51,0,0,0,,
53,2026-08,52,0,0,0,,
53,2026-08,53,0,0,0,,
53,2026-08,54,0,0,0,,
53,2026-08,55,0,0,0,,
53,2026-08,56,31,1,31,Income/Debt Oriented Schemes - Overnight Fund,
53,2026-08,57,31,1,31,Income/Debt Oriented Schemes - Liquid Fund,
53,2026-08,58,31,1,31,Income/Debt Oriented Schemes - Ultra Short Term Fund,
53,2026-08,59,31,1,31,Income/Debt Oriented Schemes - Ultra Short to Short Term Fund,
53,2026-08,60,31,1,31,Income/Debt Oriented Schemes - Money Market Fund,
53,2026-08,61,31,1,31,Income/Debt Oriented Schemes - Short Term Fund,
53,2026-08,62,31,1,31,Income/Debt Oriented Schemes - Medium Term Fund,
53,2026-08,63,0,0,0,,
53,2026-08,64,31,1,31,Income/Debt Oriented Schemes - Long Term Fund,
53,2026-08,65,31,1,31,Income/Debt Oriented Schemes - Dynamic Term Fund,
53,2026-08,66,31,1,31,Income/Debt Oriented Schemes - Corporate Bond Fund,
53,2026-08,67,31,1,31,Income/Debt Oriented Schemes - Credit Risk Fund,
53,2026-08,68,31,1,31,Income/Debt Oriented Schemes - Banking and PSU Debt Fund,
53,2026-08,69,31,1,31,Income/Debt Oriented Schemes - Gilt Fund,
53,2026-08,70,0,0,0,,
53,2026-08,71,31,1,31,Income/Debt Oriented Schemes - Floating Interest Rates Fund,
53,2026-08,72,0,0,0,,
53,2026-08,73,31,1,31,Equity Schemes - Multi Cap Fund,
53,2026-08,74,31,1,31,Equity Schemes - Large Cap Fund,
53,2026-08,75,31,1,31,Equity Schemes - Large & Mid Cap Fund,
53,2026-08,76,0,0,0,,
53,2026-08,77,31,1,31,Equity Schemes - Small Cap Fund,
53,2026-08,78,31,1,31,Equity Schemes - Flexi Cap Fund,
53,2026-08,79,0,0,0,,
53,2026-08,80,31,1,31,Equity Schemes - Value Fund,
53,2026-08,81,0,0,0,,
53,2026-08,82,31,1,31,Equity Schemes - Focused Fund,
53,2026-08,83,0,0,0,,
53,2026-08,84,217,3,100,Equity Schemes - Thematic Fund,
53,2026-08,85,31,1,31,Equity Schemes - ELSS- Tax Saver Fund,
53,2026-08,86,31,1,31,Hybrid Schemes - Conservative Hybrid Fund,
53,2026-08,87,0,0,0,,
53,2026-08,88,31,1,31,Hybrid Schemes - Aggressive Hybrid Fund,
53,2026-08,89,31,1,31,Hybrid Schemes - Balanced Advantage Fund/ Dynamic Asset Allocation,
53,2026-08,90,31,1,31,Hybrid Schemes - Multi Asset Allocation Fund,
53,2026-08,91,31,1,31,Hybrid Schemes - Arbitrage Fund,
53,2026-08,92,31,1,31,Hybrid Schemes - Equity Savings Fund,
53,2026-08,93,0,0,0,,
53,2026-08,94,0,0,0,,
53,2026-08,95,0,0,0,,
53,2026-08,96,0,0,0,,
53,2026-08,97,0,0,0,,
53,2026-08,98,0,0,0,,
53,2026-08,99,93,1,93,Solution Oriented Schemes ** - Retirement Fund,
53,2026-08,100,31,1,31,Children’s Fund - Childrens' Fund,
53,2026-08,101,470,5,100,Index Funds - Equity Funds,
53,2026-08,102,217,3,100,Index Funds - Debt Funds,
53,2026-08,103,0,0,0,,
53,2026-08,104,222,3,100,Exchange Traded Funds (ETFs) - Equity ETF,
53,2026-08,105,0,0,0,,
53,2026-08,106,0,0,0,,
53,2026-08,107,31,1,31,Exchange Traded Funds (ETFs) - Gold ETF,
53,2026-08,108,31,1,31,Exchange Traded Funds (ETFs) - Silver ETF,
53,2026-08,109,0,0,0,,
53,2026-08,110,0,0,0,,
53,2026-08,111,155,2,100,Overseas Fund of Funds - Fund of Funds investing overseas,
53,2026-08,112,0,0,0,,
53,2026-08,113,0,0,0,,
53,2026-08,114,0,0,0,,
53,2026-08,115,0,0,0,,
53,2026-08,116,0,0,0,,
53,2026-08,117,217,3,100,Fund of Funds Scheme (Domestic) - Fund of Funds Scheme (Domestic),
53,2026-08,118,0,0,0,,
53,2026-08,119,0,0,0,,
53,2026-08,120,0,0,0,,
53,2026-08,121,0,0,0,,
53,2026-08,122,0,0,0,,
53,2026-08,123,0,0,0,,
53,2026-08,124,0,0,0,,
53,2026-08,125,0,0,0,,
53,2026-08,126,0,0,0,,
53,2026-08,127,0,0,0,,
53,2026-08,128,0,0,0,,
53,2026-08,129,0,0,0,,
53,2026-08,130,0,0,0,,
53,2026-08,131,0,0,0,,
53,2026-08,132,0,0,0,,
53,2026-08,133,0,0,0,,
53,2026-08,134,0,0,0,,
53,2026-08,135,0,0,0,,
53,2026-08,136,0,0,0,,
53,2026-08,137,0,0,0,,
53,2026-08,138,0,0,0,,
53,2026-08,139,0,0,0,,
53,2026-08,140,0,0,0,,
53,2026-08,141,0,0,0,,
53,2026-08,142,0,0,0,,
53,2026-08,143,0,0,0,,
53,2026-08,144,0,0,0,,
53,2026-08,145,0,0,0,,
53,2026-08,146,0,0,0,,
53,2026-08,147,0,0,0,,
53,2026-08,148,0,0,0,,
53,2026-08,149,0,0,0,,
53,2026-08,150,0,0,0,,
53,2026-08,151,0,0,0,,
53,2026-08,152,0,0,0,,
53,2026-08,153,0,0,0,,
53,2026-08,154,0,0,0,,
53,2026-08,155,0,0,0,,
53,2026-08,156,0,0,0,,
53,2026-08,157,0,0,0,,
53,2026-08,158,0,0,0,,
53,2026-08,159,0,0,0,,
53,2026-08,160,0,0,0,,
53,2026-08,161,0,0,0,,
53,2026-08,162,0,0,0,,
53,2026-08,163,0,0,0,,
53,2026-08,164,0,0,0,,
53,2026-08,165,0,0,0,,
53,2026-08,166,0,0,0,,
53,2026-08,167,0,0,0,,
53,2026-08,168,0,0,0,,
53,2026-08,169,0,0,0,,
53,2026-08,170,0,0,0,,
53,2026-08,171,0,0,0,,
53,2026-08,172,0,0,0,,
53,2026-08,173,0,0,0,,
53,2026-08,174,0,0,0,,
53,2026-08,175,0,0,0,,
53,2026-08,176,0,0,0,,
53,2026-08,177,0,0,0,,
53,2026-08,178,0,0,0,,
53,2026-08,179,0,0,0,,
53,2026-08,180,0,0,0,,
53,2026-08,181,0,0,0,,
53,2026-08,182,0,0,0,,
53,2026-08,183,0,0,0,,
53,2026-08,184,0,0,0,,
53,2026-08,185,0,0,0,,
53,2026-08,186,0,0,0,,
53,2026-08,187,0,0,0,,
53,2026-08,188,0,0,0,,
53,2026-08,189,0,0,0,,
53,2026-08,190,0,0,0,,
53,2026-08,191,0,0,0,,
53,2026-08,192,0,0,0,,
53,2026-08,193,0,0,0,,
53,2026-08,194,0,0,0,,
53,2026-08,195,0,0,0,,
53,2026-08,196,0,0,0,,
53,2026-08,197,0,0,0,,
53,2026-08,198,0,0,0,,
53,2026-08,199,0,0,0,,
53,2026-08,200,0,0,0,,
53,2026-08,201,0,0,0,,
53,2026-08,202,0,0,0,,
53,2026-08,203,0,0,0,,
53,2026-08,204,0,0,0,,
53,2026-08,205,0,0,0,,
53,2026-08,206,0,0,0,,
53,2026-08,207,0,0,0,,
53,2026-08,208,0,0,0,,
53,2026-08,209,0,0,0,,
53,2026-08,210,0,0,0,,
53,2026-08,211,0,0,0,,
53,2026-08,212,0,0,0,,
53,2026-08,213,0,0,0,,
53,2026-08,214,0,0,0,,
53,2026-08,215,0,0,0,,
53,2026-08,216,0,0,0,,
53,2026-08,217,0,0,0,,
53,2026-08,218,0,0,0,,
53,2026-08,219,0,0,0,,
53,2026-08,220,0,0,0,,
53,2026-08,221,0,0,0,,
53,2026-08,222,0,0,0,,
53,2026-08,223,0,0,0,,
53,2026-08,224,0,0,0,,
53,2026-08,225,0,0,0,,
53,2026-08,226,0,0,0,,
53,2026-08,227,0,0,0,,
53,2026-08,228,0,0,0,,
53,2026-08,229,0,0,0,,
53,2026-08,230,0,0,0,,
53,2026-08,231,0,0,0,,
53,2026-08,232,0,0,0,,
53,2026-08,233,0,0,0,,
53,2026-08,234,0,0,0,,
53,2026-08,235,0,0,0,,
53,2026-08,236,0,0,0,,
53,2026-08,237,0,0,0,,
53,2026-08,238,0,0,0,,
53,2026-08,239,0,0,0,,
53,2026-08,240,0,0,0,,
53,2026-08,241,0,0,0,,
53,2026-08,242,0,0,0,,
53,2026-08,243,0,0,0,,
53,2026-08,244,0,0,0,,
53,2026-08,245,0,0,0,,
53,2026-08,246,0,0,0,,
53,2026-08,247,0,0,0,,
53,2026-08,248,0,0,0,,
53,2026-08,249,0,0,0,,
53,2026-08,250,0,0,0,,
53,2026-08,251,0,0,0,,
53,2026-08,252,0,0,0,,
53,2026-08,253,0,0,0,,
53,2026-08,254,0,0,0,,
53,2026-08,255,0,0,0,,
53,2026-08,256,0,0,0,,
53,2026-08,257,0,0,0,,
53,2026-08,258,0,0,0,,
53,2026-08,259,0,0,0,,
53,2026-08,260,0,0,0,,
53,2026-08,261,0,0,0,,
53,2026-08,262,0,0,0,,
53,2026-08,263,0,0,0,,
53,2026-08,264,0,0,0,,
53,2026-08,265,0,0,0,,
53,2026-08,266,0,0,0,,
53,2026-08,267,0,0,0,,
53,2026-08,268,0,0,0,,
53,2026-08,269,0,0,0,,
53,2026-08,270,0,0,0,,
53,2026-08,271,0,0,0,,
53,2026-08,272,0,0,0,,
53,2026-08,273,0,0,0,,
53,2026-08,274,0,0,0,,
53,2026-08,275,0,0,0,,
53,2026-08,276,0,0,0,,
53,2026-08,277,0,0,0,,
53,2026-08,278,0,0,0,,
53,2026-08,279,0,0,0,,
53,2026-08,280,0,0,0,,
53,2026-08,281,0,0,0,,
53,2026-08,282,,,,,"GET failed after 1 tries: https://www.amfiindia.com/api/populate-te-rdata-revised {'MF_ID': '53', 'strType': '1', 'pageSize': '100', 'page': '1', 'Month': '08-2026', 'strCat': '282'}: HTTPSConnectionP"
53,2026-08,283,0,0,0,,
53,2026-08,284,0,0,0,,
53,2026-08,285,0,0,0,,
53,2026-08,286,,,,,"GET failed after 1 tries: https://www.amfiindia.com/api/populate-te-rdata-revised {'MF_ID': '53', 'strType': '1', 'pageSize': '100', 'page': '1', 'Month': '08-2026', 'strCat': '286'}: HTTPSConnectionP"
53,2026-08,287,,,,,"GET failed after 1 tries: https://www.amfiindia.com/api/populate-te-rdata-revised {'MF_ID': '53', 'strType': '1', 'pageSize': '100', 'page': '1', 'Month': '08-2026', 'strCat': '287'}: HTTPSConnectionP"
53,2026-08,288,,,,,"GET failed after 1 tries: https://www.amfiindia.com/api/populate-te-rdata-revised {'MF_ID': '53', 'strType': '1', 'pageSize': '100', 'page': '1', 'Month': '08-2026', 'strCat': '288'}: HTTPSConnectionP"
53,2026-08,289,,,,,"GET failed after 1 tries: https://www.amfiindia.com/api/populate-te-rdata-revised {'MF_ID': '53', 'strType': '1', 'pageSize': '100', 'page': '1', 'Month': '08-2026', 'strCat': '289'}: ('Connection abo"
53,2026-08,290,,,,,"GET failed after 1 tries: https://www.amfiindia.com/api/populate-te-rdata-revised {'MF_ID': '53', 'strType': '1', 'pageSize': '100', 'page': '1', 'Month': '08-2026', 'strCat': '290'}: HTTPSConnectionP"
53,2026-08,291,0,0,0,,
53,2026-08,292,,,,,"GET failed after 1 tries: https://www.amfiindia.com/api/populate-te-rdata-revised {'MF_ID': '53', 'strType': '1', 'pageSize': '100', 'page': '1', 'Month': '08-2026', 'strCat': '292'}: HTTPSConnectionP"
53,2026-08,293,,,,,"GET failed after 1 tries: https://www.amfiindia.com/api/populate-te-rdata-revised {'MF_ID': '53', 'strType': '1', 'pageSize': '100', 'page': '1', 'Month': '08-2026', 'strCat': '293'}: HTTPSConnectionP"
53,2026-08,294,,,,,"GET failed after 1 tries: https://www.amfiindia.com/api/populate-te-rdata-revised {'MF_ID': '53', 'strType': '1', 'pageSize': '100', 'page': '1', 'Month': '08-2026', 'strCat': '294'}: HTTPSConnectionP"
53,2026-08,295,,,,,"GET failed after 1 tries: https://www.amfiindia.com/api/populate-te-rdata-revised {'MF_ID': '53', 'strType': '1', 'pageSize': '100', 'page': '1', 'Month': '08-2026', 'strCat': '295'}: HTTPSConnectionP"
53,2026-08,296,,,,,"GET failed after 1 tries: https://www.amfiindia.com/api/populate-te-rdata-revised {'MF_ID': '53', 'strType': '1', 'pageSize': '100', 'page': '1', 'Month': '08-2026', 'strCat': '296'}: HTTPSConnectionP"
53,2026-08,297,,,,,"GET failed after 1 tries: https://www.amfiindia.com/api/populate-te-rdata-revised {'MF_ID': '53', 'strType': '1', 'pageSize': '100', 'page': '1', 'Month': '08-2026', 'strCat': '297'}: HTTPSConnectionP"
53,2026-08,298,,,,,"GET failed after 1 tries: https://www.amfiindia.com/api/populate-te-rdata-revised {'MF_ID': '53', 'strType': '1', 'pageSize': '100', 'page': '1', 'Month': '08-2026', 'strCat': '298'}: HTTPSConnectionP"
53,2026-08,299,,,,,"GET failed after 1 tries: https://www.amfiindia.com/api/populate-te-rdata-revised {'MF_ID': '53', 'strType': '1', 'pageSize': '100', 'page': '1', 'Month': '08-2026', 'strCat': '299'}: HTTPSConnectionP"
53,2026-08,300,,,,,"GET failed after 1 tries: https://www.amfiindia.com/api/populate-te-rdata-revised {'MF_ID': '53', 'strType': '1', 'pageSize': '100', 'page': '1', 'Month': '08-2026', 'strCat': '300'}: HTTPSConnectionP"
