nsdl_code,fund_id,names
ABSL/O/E/LCF/02/09/0019,aditya_birla_sun_life_lc,Aditya Birla Sun Life Large Cap Fund
AXIS/O/E/LCF/09/10/0003,axis_lc,Axis Large Cap Fund
BBNP/O/E/LCF/04/07/0006,baroda_bnp_paribas_lc,Baroda BNP Paribas Large Cap Fund
BFAM/O/E/LCF/24/07/0012,bajaj_finserv_lc,Bajaj Finserv Large Cap Fund
BNDN/O/E/LCF/06/02/0014,bandhan_lc,Bandhan Large Cap Fund
BNDN/O/O/EIN/21/12/0049,bandhan_n100,Bandhan Nifty 100 Index Fund
BOIA/O/E/LCF/20/07/0017,bank_of_india_lc,Bank of India Large Cap Fund
CANA/O/E/LCF/10/03/0014,canara_robeco_lc,Canara Robeco Large Cap Fund
DSPM/O/E/LCF/03/01/0009,dsp_lc,DSP Large Cap Fund
EDEL/O/E/LCF/09/03/0006,edelweiss_lc,Edelweiss Large Cap Fund
FTMF/O/E/LCF/93/12/0002,franklin_templeton_lc,Franklin India Large Cap Fund
HDFC/O/E/LCF/96/10/0004,hdfc_lc,HDFC Large Cap Fund
HSBC/O/E/LCF/02/08/0003,hsbc_lc,HSBC Large Cap Fund
ICIC/O/E/LCF/98/05/0006,icici_prudential_lc,ICICI Prudential Large Cap Fund (erstwhile Bluechip Fund)
INDB/O/E/LCF/11/11/0002,groww_lc,Groww Large Cap Fund
INVM/O/E/LCF/09/06/0015,invesco_lc,Invesco India Large cap Fund | Invesco India Largecap Fund
ITIM/O/E/LCF/19/12/0007,iti_lc,ITI Large Cap Fund
JBMF/O/E/LCF/26/02/0014,jio_blackrock_lc,JioBlackRock Large Cap Fund
JMFI/O/E/LCF/94/02/0001,jm_financial_lc,JM Large Cap Fund
KOTM/O/E/LCF/98/11/0001,kotak_mahindra_lc,Kotak Large Cap Fund
LICM/O/E/LCF/94/07/0003,lic_lc,LIC MF Large Cap Fund
MAHM/O/E/LCF/18/09/0009,mahindra_manulife_lc,Mahindra Manulife Large Cap Fund
MIRA/O/E/LCF/08/02/0001,mirae_asset_lc,Mirae Asset Large Cap Fund
MOTO/O/E/LCF/23/12/0045,motilal_oswal_lc,Motilal Oswal Large Cap Fund
NIMF/O/E/LCF/06/01/0028,nippon_india_lc,Nippon India Large Cap Fund
PGIM/O/E/LCF/02/12/0003,pgim_india_lc,PGIM India Large Cap Fund
PPFA/O/E/LCF/25/11/0007,ppfas_lc,Parag Parikh Large Cap Fund
QNTM/O/E/LCF/22/05/0015,quant_lc,quant Large Cap Fund
SAMC/O/E/LCF/24/12/0010,samco_lc,Samco Large Cap Fund
SBIM/O/E/LCF/05/12/0027,sbi_lc,SBI Large Cap Fund
SUND/O/E/LCF/20/01/0051,sundaram_lc,Sundaram Large Cap Fund ( Formerly Know as Sundaram Blue Chip Fund)
TATA/O/E/LCF/98/02/0009,tata_lc,TATA LARGE CAP FUND
TAUR/O/E/LCF/02/01/0004,taurus_lc,Taurus Large Cap Fund
UNIN/O/E/LCF/17/04/0006,union_lc,Union Largecap Fund
UTIM/O/E/LCF/86/10/0001,uti_lc,UTI - Large Cap Fund
WHIT/O/E/LCF/22/06/0007,whiteoak_capital_lc,WhiteOak Capital Large Cap Fund
